Title Form	 ,SPE2,
TeamID ,FT01
,Student being assssed, , , , ,  ,25632563, , ,  ,25632561, , ,  ,25632562, , ,  ,25632564, , ,  ,12345679, , ,  ,12345678, , , 
 ,Assessment Criteria , , , , , 565,7878,Average from each, , 565,7878,Average from each, , 565,7878,Average from each, , 565,7878,Average from each, , 565,7878,Average from each, , 565,7878,Average from each, , 
TEAM #,StudentID,Surname,Title,Give Name
FT01,25632563,Tan,Mr,qwerty , , 0 , 0 , 0 , , 0 , 0 , 0 , , 0 , 0 , 0 , , 0 , 0 , 0 , , 0 , 0 , 0 , , 0 , 0 , 0 ,        
FT01,25632561,Tay,Mr,qwertu , , 0 , 0 , 0 , , 0 , 0 , 0 , , 0 , 0 , 0 , , 0 , 0 , 0 , , 0 , 0 , 0 , , 0 , 0 , 0 ,        
FT01,25632562,Lee,Mr,qwerti , , 0 , 0 , 0 , , 0 , 0 , 0 , , 0 , 0 , 0 , , 0 , 0 , 0 , , 0 , 0 , 0 , , 0 , 0 , 0 ,        
FT01,25632564,Yew,Mr,qwerto , , 0 , 0 , 0 , , 0 , 0 , 0 , , 0 , 0 , 0 , , 0 , 0 , 0 , , 0 , 0 , 0 , , 0 , 0 , 0 ,        
FT01,12345679,aaa,Mr,aaa , , 0 , 0 , 0 , , 0 , 0 , 0 , , 0 , 0 , 0 , , 0 , 0 , 0 , , 0 , 0 , 0 , , 0 , 0 , 0 ,        
FT01,12345678,Khoo,Mr,Ye Rong , , 0 , 0 , 0 , , 0 , 0 , 0 , , 0 , 0 , 0 , , 0 , 0 , 0 , , 0 , 0 , 0 , , 0 , 0 , 0 ,        
 ,Average of  Criteria , , , , , 0.000,0.000,0.000, , 0.000,0.000,0.000, , 0.000,0.000,0.000, , 0.000,0.000,0.000, , 0.000,0.000,0.000, , 0.000,0.000,0.000, , 

TeamID ,FT02
,Student being assssed, , , , ,  ,25632565, , ,  ,25632567, , ,  ,25632568, , ,  ,25632566, , , 
 ,Assessment Criteria , , , , , 565,7878,Average from each, , 565,7878,Average from each, , 565,7878,Average from each, , 565,7878,Average from each, , 
TEAM #,StudentID,Surname,Title,Give Name
FT02,25632565,Lim,Mr,qwertp , , 0 , 0 , 0 , , 0 , 0 , 0 , , 0 , 0 , 0 , , 0 , 0 , 0 ,        
FT02,25632567,Kwek,Mr,qwerts , , 0 , 0 , 0 , , 0 , 0 , 0 , , 0 , 0 , 0 , , 0 , 0 , 0 ,        
FT02,25632568,Quek,Mr,qwertd , , 0 , 0 , 0 , , 0 , 0 , 0 , , 0 , 0 , 0 , , 0 , 0 , 0 ,        
FT02,25632566,Chew,Mr,qwerta , , 0 , 0 , 0 , , 0 , 0 , 0 , , 0 , 0 , 0 , , 0 , 0 , 0 ,        
 ,Average of  Criteria , , , , , 0.000,0.000,0.000, , 0.000,0.000,0.000, , 0.000,0.000,0.000, , 0.000,0.000,0.000, , 

TeamID ,FT03
,Student being assssed, , , , ,  ,25632569, , ,  ,25632556, , , 
 ,Assessment Criteria , , , , , 565,7878,Average from each, , 565,7878,Average from each, , 
TEAM #,StudentID,Surname,Title,Give Name
FT03,25632569,Lee,Mr,qwertf , , 0 , 0 , 0 , , 0 , 0 , 0 ,        
FT03,25632556,Kim,Mr,qwertg , , 0 , 0 , 0 , , 0 , 0 , 0 ,        
 ,Average of  Criteria , , , , , 0.000,0.000,0.000, , 0.000,0.000,0.000, , 

